{
  "slug": "t--1",
  "label": "Deutsche Innenpolitik",
  "description": "Keywords: AfD, Deutschland, Land, Euro, SPD, einfach, Merz, Union, Milliarden, Geld",
  "mismatch_score": -1.0158160594006493,
  "norm_delta": 1.015816059400649,
  "totals": {
    "bundestag_minutes": 19476,
    "talkshow_minutes": 6973,
    "bt_share": 49.435371143799415,
    "ts_share": 50.564628856200585,
    "bt_normalized_perc": 44.46925033925602,
    "ts_normalized_perc": 45.48506639865667
  },
  "timeseries": []
}