{
  "slug": "t-104",
  "label": "Right-wing Party Influence",
  "description": "Keywords: FPÖ, Nordrhein Westfalen, Westfalen, Nordrhein, Mitte, AfD, Österreich, NRW, Partei, radikal",
  "mismatch_score": -0.14631158776074996,
  "norm_delta": 0.14631158776074996,
  "totals": {
    "bundestag_minutes": 10,
    "talkshow_minutes": 27,
    "bt_share": 13.448234775433104,
    "ts_share": 86.55176522456689,
    "bt_normalized_perc": 0.026915698468790772,
    "ts_normalized_perc": 0.17322728622954073
  },
  "timeseries": []
}