{
  "slug": "t-125",
  "label": "AfD Tax Proposals",
  "description": "Keywords: Antrag, AfD, Einkommen, Steuersystem, Grundsteuer, Kommunen, Tax, Antrag AfD, geltender, Steuern",
  "mismatch_score": 0.1449403035804643,
  "norm_delta": 0.14494030358046428,
  "totals": {
    "bundestag_minutes": 59,
    "talkshow_minutes": 2,
    "bt_share": 92.62729672616318,
    "ts_share": 7.372703273836812,
    "bt_normalized_perc": 0.15747454727861931,
    "ts_normalized_perc": 0.012534243698155026
  },
  "timeseries": []
}