{
  "slug": "t-12",
  "label": "German Party Politics",
  "description": "Keywords: SPD, Partei, Union, CDU, Koalition, AfD, Wähler, Ergebnis, Wählerschaft, SPD SPD",
  "mismatch_score": -1.0741908216088143,
  "norm_delta": 1.0741908216088143,
  "totals": {
    "bundestag_minutes": 13,
    "talkshow_minutes": 173,
    "bt_share": 3.0108379567211094,
    "ts_share": 96.9891620432789,
    "bt_normalized_perc": 0.03441447301701626,
    "ts_normalized_perc": 1.1086052946258305
  },
  "timeseries": []
}