{
  "slug": "t-125",
  "label": "AfD Tax Proposals",
  "description": "Keywords: Antrag, AfD, Einkommen, Steuersystem, Grundsteuer, Kommunen, Tax, Antrag AfD, geltender, Steuern",
  "mismatch_score": 0.14934622825043295,
  "norm_delta": 0.14934622825043295,
  "totals": {
    "bundestag_minutes": 63,
    "talkshow_minutes": 2,
    "bt_share": 92.92792402507469,
    "ts_share": 7.072075974925312,
    "bt_normalized_perc": 0.16164810280810626,
    "ts_normalized_perc": 0.012301874557673316
  },
  "timeseries": []
}