{
  "slug": "t-149",
  "label": "Notstandsrecht Artikel 72",
  "description": "Keywords: 72, Notlage, Artikel 72, Rechtsgrundlage, 72 AEUV, AEUV, Artikel, Dobrindt, Weisung, Notstand",
  "mismatch_score": 0.024370578046628073,
  "norm_delta": 0.024370578046628073,
  "totals": {
    "bundestag_minutes": 15,
    "talkshow_minutes": 1,
    "bt_share": 79.01143118114157,
    "ts_share": 20.988568818858425,
    "bt_normalized_perc": 0.033186129945693095,
    "ts_normalized_perc": 0.008815551899065023
  },
  "timeseries": []
}