{
  "slug": "t-14",
  "label": "Miscellaneous Speech Fragments",
  "description": "Keywords: hab, weiß, Boris Becker, fand, Leute, selber, gesehen, Wahl, Schleyer, Herrn",
  "mismatch_score": -0.8170812385114412,
  "norm_delta": 0.8170812385114412,
  "totals": {
    "bundestag_minutes": 3,
    "talkshow_minutes": 129,
    "bt_share": 1.0416769099826464,
    "ts_share": 98.95832309001736,
    "bt_normalized_perc": 0.008692440896846598,
    "ts_normalized_perc": 0.8257736794082878
  },
  "timeseries": []
}