{
  "slug": "t-15",
  "label": "German East-West Relations",
  "description": "Keywords: Deutschland, Osten, Land, Ostdeutschen, Deutschen, Westen, DDR, deutsche, finden, Ost",
  "mismatch_score": -0.33745559325309005,
  "norm_delta": 0.33745559325309005,
  "totals": {
    "bundestag_minutes": 166,
    "talkshow_minutes": 119,
    "bt_share": 36.18130039549417,
    "ts_share": 63.81869960450583,
    "bt_normalized_perc": 0.44177753837447176,
    "ts_normalized_perc": 0.7792331316275618
  },
  "timeseries": []
}