{
  "slug": "t-152",
  "label": "CDU party alignment",
  "description": "Keywords: CDU, Linken, Umgang finden, CDU pur, Mehrheit, Linkspartei, AfD, schockiert, pur, veränderten",
  "mismatch_score": -0.02502205662413053,
  "norm_delta": 0.025022056624130526,
  "totals": {
    "bundestag_minutes": 11,
    "talkshow_minutes": 8,
    "bt_share": 34.80860399869979,
    "ts_share": 65.1913960013002,
    "bt_normalized_perc": 0.028666978998765365,
    "ts_normalized_perc": 0.05368903562289589
  },
  "timeseries": []
}