{
  "slug": "t-172",
  "label": "Trump's America First",
  "description": "Keywords: America, America first, USA, first, Donald Trumps, Trump, Donald, Punkt Trump, Doktrin, Welt",
  "mismatch_score": -0.09504128571865691,
  "norm_delta": 0.09504128571865691,
  "totals": {
    "bundestag_minutes": 10,
    "talkshow_minutes": 19,
    "bt_share": 17.908927795428614,
    "ts_share": 82.09107220457139,
    "bt_normalized_perc": 0.026519642482959238,
    "ts_normalized_perc": 0.12156092820161615
  },
  "timeseries": []
}