{
  "slug": "t-182",
  "label": "Working Class Appeal",
  "description": "Keywords: Arbeiterschaft, Mitte, Partei, Wählerinnen Wähler, Mitte stark, arbeitenden, Tabu, Arbeiterpartei, AfD, Baas",
  "mismatch_score": 0.059231926732385906,
  "norm_delta": 0.059231926732385906,
  "totals": {
    "bundestag_minutes": 35,
    "talkshow_minutes": 5,
    "bt_share": 73.97703994132196,
    "ts_share": 26.022960058678038,
    "bt_normalized_perc": 0.09137496997975096,
    "ts_normalized_perc": 0.032143043247365055
  },
  "timeseries": []
}