{
  "slug": "t-180",
  "label": "Kriminalität und Extremismus",
  "description": "Keywords: Übergriffe, Jobcenter, Straftäter, Gemeinwohl, hilfebedürftige, Magazine, BKA, Täter, Akten, Extremisten",
  "mismatch_score": 0.010612876774147687,
  "norm_delta": 0.010612876774147687,
  "totals": {
    "bundestag_minutes": 17,
    "talkshow_minutes": 4,
    "bt_share": 58.123259158675694,
    "ts_share": 41.876740841324306,
    "bt_normalized_perc": 0.03796844192174214,
    "ts_normalized_perc": 0.027355565147594452
  },
  "timeseries": []
}