{
  "slug": "t-18",
  "label": "Rule of Law Debate",
  "description": "Keywords: Rechtsstaat, AfD, Justiz, Bundesverfassungsgericht, Antrag, StGB, 188, Grundgesetz, 188 StGB, Richter",
  "mismatch_score": 0.8381637108987601,
  "norm_delta": 0.8381637108987601,
  "totals": {
    "bundestag_minutes": 426,
    "talkshow_minutes": 40,
    "bt_share": 80.91190240223942,
    "ts_share": 19.088097597760584,
    "bt_normalized_perc": 1.096946727685486,
    "ts_normalized_perc": 0.258783016786726
  },
  "timeseries": []
}