{
  "slug": "t-18",
  "label": "Rule of Law Debate",
  "description": "Keywords: Rechtsstaat, AfD, Justiz, Bundesverfassungsgericht, Antrag, StGB, 188, Grundgesetz, 188 StGB, Richter",
  "mismatch_score": 0.811421690955017,
  "norm_delta": 0.811421690955017,
  "totals": {
    "bundestag_minutes": 401,
    "talkshow_minutes": 40,
    "bt_share": 80.52833233609613,
    "ts_share": 19.47166766390387,
    "bt_normalized_perc": 1.0701933350725978,
    "ts_normalized_perc": 0.2587716441175808
  },
  "timeseries": []
}