{
  "slug": "t-190",
  "label": "Citizen's Income Policy",
  "description": "Keywords: Bürgergeld, Symbolik, arbeiten, Steuerpolitik, Bürgergeldempfänger, trauen, Sozialleistungen, Kipping, zig, 100 Euro",
  "mismatch_score": -0.014970714709882049,
  "norm_delta": 0.014970714709882049,
  "totals": {
    "bundestag_minutes": 12,
    "talkshow_minutes": 7,
    "bt_share": 40.29669167752042,
    "ts_share": 59.70330832247958,
    "bt_normalized_perc": 0.031085803666500277,
    "ts_normalized_perc": 0.046056518376382326
  },
  "timeseries": []
}