{
  "slug": "t-20",
  "label": "Tech Billionaire Influence",
  "description": "Keywords: Musk, Elon, Elon Musk, Zuckerberg, Plattform, Trump, Tesla, Tech, Milliardäre, Donald",
  "mismatch_score": -0.5918186179707953,
  "norm_delta": 0.5918186179707952,
  "totals": {
    "bundestag_minutes": 21,
    "talkshow_minutes": 101,
    "bt_share": 7.688781395753317,
    "ts_share": 92.31121860424668,
    "bt_normalized_perc": 0.053772546970055596,
    "ts_normalized_perc": 0.6455911649408508
  },
  "timeseries": []
}