{
  "slug": "t-25",
  "label": "German Reunification Legacy",
  "description": "Keywords: Einheit, DDR, 35, 17 Juni, SED, 1990, deutsche Einheit, Wiedervereinigung, Demokratie, Juni",
  "mismatch_score": 1.1336906989409405,
  "norm_delta": 1.1336906989409405,
  "totals": {
    "bundestag_minutes": 460,
    "talkshow_minutes": 8,
    "bt_share": 95.81669310547788,
    "ts_share": 4.18330689452212,
    "bt_normalized_perc": 1.1854466834487816,
    "ts_normalized_perc": 0.05175598450784102
  },
  "timeseries": []
}