{
  "slug": "t-26",
  "label": "NATO Future, US",
  "description": "Keywords: NATO, Gipfel, Artikel, Trump, USA, NATO Gipfel, Europa, Europäer, Donald, Donald Trump",
  "mismatch_score": -0.5554465340942638,
  "norm_delta": 0.5554465340942638,
  "totals": {
    "bundestag_minutes": 30,
    "talkshow_minutes": 99,
    "bt_share": 10.883916407482323,
    "ts_share": 89.11608359251768,
    "bt_normalized_perc": 0.0772755487088711,
    "ts_normalized_perc": 0.6327220828031349
  },
  "timeseries": []
}