{
  "slug": "t-29",
  "label": "Municipal Governance Issues",
  "description": "Keywords: Kommunen, Stadtbild, kommunalen, Stadt, Städte, Ort, Gemeinden, Bund, Städten, kommunale",
  "mismatch_score": 0.08676651035437134,
  "norm_delta": 0.08676651035437133,
  "totals": {
    "bundestag_minutes": 159,
    "talkshow_minutes": 52,
    "bt_share": 55.69948976893147,
    "ts_share": 44.30051023106853,
    "bt_normalized_perc": 0.42397219327540325,
    "ts_normalized_perc": 0.3372056829210319
  },
  "timeseries": []
}