{
  "slug": "t-39",
  "label": "Russia-NATO conflict risk",
  "description": "Keywords: Russland, NATO, Krieg, Russen, Putin, anzugreifen, Szenario, 2029, Ukraine, Europa",
  "mismatch_score": -0.308755835294322,
  "norm_delta": 0.308755835294322,
  "totals": {
    "bundestag_minutes": 57,
    "talkshow_minutes": 71,
    "bt_share": 24.3744523188087,
    "ts_share": 75.62554768119129,
    "bt_normalized_perc": 0.1468408495920494,
    "ts_normalized_perc": 0.4555966848863714
  },
  "timeseries": []
}