{
  "slug": "t-48",
  "label": "EU Eastern relations",
  "description": "Keywords: Polen, Tusk, Ungarn, polnische, Donald Tusk, polnischen, EU, Nachbarn, Souveränität, Slowakei",
  "mismatch_score": -0.22755093438589563,
  "norm_delta": 0.22755093438589563,
  "totals": {
    "bundestag_minutes": 24,
    "talkshow_minutes": 45,
    "bt_share": 17.89250622586394,
    "ts_share": 82.10749377413606,
    "bt_normalized_perc": 0.06340352409381333,
    "ts_normalized_perc": 0.29095445847970897
  },
  "timeseries": []
}