{
  "slug": "t-48",
  "label": "EU Eastern relations",
  "description": "Keywords: Polen, Tusk, Ungarn, polnische, Donald Tusk, polnischen, EU, Nachbarn, Souveränität, Slowakei",
  "mismatch_score": -0.23569504478509923,
  "norm_delta": 0.23569504478509923,
  "totals": {
    "bundestag_minutes": 24,
    "talkshow_minutes": 46,
    "bt_share": 17.095813333034652,
    "ts_share": 82.90418666696534,
    "bt_normalized_perc": 0.06122926741739941,
    "ts_normalized_perc": 0.29692431220249865
  },
  "timeseries": []
}