{
  "slug": "t-52",
  "label": "European space exploration",
  "description": "Keywords: Raumfahrt, Mond, Raumstation, Weltraum, Astronauten, ESA, Erde, NASA, ISS, Experimente",
  "mismatch_score": -0.24185971427448752,
  "norm_delta": 0.24185971427448755,
  "totals": {
    "bundestag_minutes": 72,
    "talkshow_minutes": 67,
    "bt_share": 30.681685519092117,
    "ts_share": 69.31831448090789,
    "bt_normalized_perc": 0.1920629178192817,
    "ts_normalized_perc": 0.43392263209376924
  },
  "timeseries": []
}