{
  "slug": "t-7",
  "label": "German Election Politics",
  "description": "Keywords: Merz, Friedrich Merz, Friedrich, Kanzler, CDU, AfD, Wahlkampf, Scholz, SPD, Wahl",
  "mismatch_score": -1.185214598381397,
  "norm_delta": 1.185214598381397,
  "totals": {
    "bundestag_minutes": 32,
    "talkshow_minutes": 195,
    "bt_share": 6.2254389827119665,
    "ts_share": 93.77456101728804,
    "bt_normalized_perc": 0.08427818568790271,
    "ts_normalized_perc": 1.2694927840692998
  },
  "timeseries": []
}