{
  "slug": "t-75",
  "label": "China Trade Geopolitics",
  "description": "Keywords: China, Chinesen, Erden, seltene, Zölle, USA, chinesische, seltene Erden, Zoll, Europa",
  "mismatch_score": -0.20557657563789564,
  "norm_delta": 0.20557657563789564,
  "totals": {
    "bundestag_minutes": 9,
    "talkshow_minutes": 35,
    "bt_share": 9.742137187441989,
    "ts_share": 90.25786281255802,
    "bt_normalized_perc": 0.024874087475952468,
    "ts_normalized_perc": 0.2304506631138481
  },
  "timeseries": []
}