{
  "slug": "t-81",
  "label": "Minimum Wage Debate",
  "description": "Keywords: Mindestlohn, Mindestlohnkommission, 15 Euro, 15, Kommission, Mindestlohns, 12 Euro, 12, Euro, Mindestlohn 15",
  "mismatch_score": -0.020533110087667488,
  "norm_delta": 0.02053311008766749,
  "totals": {
    "bundestag_minutes": 32,
    "talkshow_minutes": 16,
    "bt_share": 44.40203119109958,
    "ts_share": 55.59796880890042,
    "bt_normalized_perc": 0.08143237535669448,
    "ts_normalized_perc": 0.10196548544436197
  },
  "timeseries": []
}