{
  "slug": "t-96",
  "label": "Cum-Ex Tax Scandal",
  "description": "Keywords: Cum, Cum Cum, Cum Ex, Ex, Steuerhinterziehung, Belege, Ex Geschäfte, Euro, 000 Euro, Geschäfte",
  "mismatch_score": 0.12062282555229795,
  "norm_delta": 0.12062282555229796,
  "totals": {
    "bundestag_minutes": 72,
    "talkshow_minutes": 11,
    "bt_share": 73.0854235423824,
    "ts_share": 26.914576457617603,
    "bt_normalized_perc": 0.19093802368805968,
    "ts_normalized_perc": 0.07031519813576172
  },
  "timeseries": []
}