{
  "slug": "t-96",
  "label": "Cum-Ex Tax Scandal",
  "description": "Keywords: Cum, Cum Cum, Cum Ex, Ex, Steuerhinterziehung, Belege, Ex Geschäfte, Euro, 000 Euro, Geschäfte",
  "mismatch_score": 0.12607372302260286,
  "norm_delta": 0.12607372302260283,
  "totals": {
    "bundestag_minutes": 76,
    "talkshow_minutes": 11,
    "bt_share": 73.86882831898643,
    "ts_share": 26.131171681013573,
    "bt_normalized_perc": 0.19508536567092713,
    "ts_normalized_perc": 0.06901164264832428
  },
  "timeseries": []
}