{
  "slug": "t-116",
  "label": "Russian Gas Dependency",
  "description": "Keywords: Gas, Nord Stream, Stream, Nord, russisches, Pipeline, russisches Gas, Russland, Ausstieg, russischem Gas",
  "mismatch_score": -0.036338981816203715,
  "norm_delta": 0.036338981816203715,
  "totals": {
    "bundestag_minutes": 16,
    "talkshow_minutes": 12,
    "bt_share": 34.787989060773654,
    "ts_share": 65.21201093922635,
    "bt_normalized_perc": 0.04155138025315017,
    "ts_normalized_perc": 0.07789036206935389
  },
  "timeseries": []
}