{
  "slug": "t-11",
  "label": "Bildungs Familienpolitik",
  "description": "Keywords: Kinder, Bildung, Schule, Eltern, Schulen, Familien, Kindern, Familie, Kind, Ganztag",
  "mismatch_score": 0.9714384227105447,
  "norm_delta": 0.9714384227105448,
  "totals": {
    "bundestag_minutes": 689,
    "talkshow_minutes": 92,
    "bt_share": 72.31461949586908,
    "ts_share": 27.685380504130915,
    "bt_normalized_perc": 1.5740622401153852,
    "ts_normalized_perc": 0.6026238174048404
  },
  "timeseries": []
}