{
  "slug": "t-12",
  "label": "German Party Politics",
  "description": "Keywords: SPD, Partei, Union, CDU, Koalition, AfD, Wähler, Ergebnis, Wählerschaft, SPD SPD",
  "mismatch_score": -1.0959334514668198,
  "norm_delta": 1.0959334514668198,
  "totals": {
    "bundestag_minutes": 10,
    "talkshow_minutes": 172,
    "bt_share": 2.4123519435454064,
    "ts_share": 97.5876480564546,
    "bt_normalized_perc": 0.02777797705515956,
    "ts_normalized_perc": 1.1237114285219794
  },
  "timeseries": []
}