{
  "slug": "t-158",
  "label": "Green economic policy",
  "description": "Keywords: Grünen, Wirtschaft 2045, Antrag, Wirtschaft, grüne, CO2, Wirtschaftspolitik, Verkaufszahlen, ETS, 2045",
  "mismatch_score": 0.13912117946456393,
  "norm_delta": 0.13912117946456395,
  "totals": {
    "bundestag_minutes": 53,
    "talkshow_minutes": 0,
    "bt_share": 98.58501328798347,
    "ts_share": 1.4149867120165285,
    "bt_normalized_perc": 0.1411470574769418,
    "ts_normalized_perc": 0.00202587801237787
  },
  "timeseries": []
}