{
  "slug": "t-17",
  "label": "German Budget Planning",
  "description": "Keywords: Haushalt, Euro, Milliarden Euro, Milliarden, 2025, 2026, Millionen Euro, Einzelplan, Millionen, Arbeit",
  "mismatch_score": 2.185620460621149,
  "norm_delta": 2.1856204606211493,
  "totals": {
    "bundestag_minutes": 822,
    "talkshow_minutes": 1,
    "bt_share": 99.66126552103732,
    "ts_share": 0.33873447896268366,
    "bt_normalized_perc": 2.1930744088861713,
    "ts_normalized_perc": 0.007453948265022198
  },
  "timeseries": []
}