{
  "slug": "t-182",
  "label": "Working Class Appeal",
  "description": "Keywords: Arbeiterschaft, Mitte, Partei, Wählerinnen Wähler, Mitte stark, arbeitenden, Tabu, Arbeiterpartei, AfD, Baas",
  "mismatch_score": 0.04798846397676359,
  "norm_delta": 0.047988463976763596,
  "totals": {
    "bundestag_minutes": 30,
    "talkshow_minutes": 5,
    "bt_share": 71.14237035792156,
    "ts_share": 28.857629642078436,
    "bt_normalized_perc": 0.08073865463868246,
    "ts_normalized_perc": 0.032750190661918865
  },
  "timeseries": []
}