{
  "slug": "t-19",
  "label": "Parteien & Wahlen",
  "description": "Keywords: SPD, Partei, Union, Koalition, Klingbeil, Wähler, Ergebnis, Wählerschaft, CDU, Lars",
  "mismatch_score": -1.0107021980565911,
  "norm_delta": 1.0107021980565911,
  "totals": {
    "bundestag_minutes": 17,
    "talkshow_minutes": 161,
    "bt_share": 3.5838914858776523,
    "ts_share": 96.41610851412234,
    "bt_normalized_perc": 0.03901928789733372,
    "ts_normalized_perc": 1.0497214859539248
  },
  "timeseries": []
}