{
  "slug": "t-2",
  "label": "Ukraine War",
  "description": "Keywords: Ukraine, Putin, Russland, Trump, Krieg, Donald, Donald Trump, Europäer, Wladimir, Russen",
  "mismatch_score": -3.944825731313081,
  "norm_delta": 3.944825731313081,
  "totals": {
    "bundestag_minutes": 227,
    "talkshow_minutes": 698,
    "bt_share": 11.743912940111745,
    "ts_share": 88.25608705988826,
    "bt_normalized_perc": 0.6054943606742826,
    "ts_normalized_perc": 4.550320091987364
  },
  "timeseries": []
}