{
  "slug": "t-25",
  "label": "German Reunification Legacy",
  "description": "Keywords: Einheit, DDR, 35, 17 Juni, SED, 1990, deutsche Einheit, Wiedervereinigung, Demokratie, Juni",
  "mismatch_score": 1.1195403753317552,
  "norm_delta": 1.1195403753317552,
  "totals": {
    "bundestag_minutes": 439,
    "talkshow_minutes": 8,
    "bt_share": 95.69524300461345,
    "ts_share": 4.304756995386557,
    "bt_normalized_perc": 1.1722739745582709,
    "ts_normalized_perc": 0.05273359922651575
  },
  "timeseries": []
}