{
  "slug": "t-28",
  "label": "Deutsche Wiedervereinigung",
  "description": "Keywords: Einheit, DDR, 35, deutsche Einheit, 1990, Wiedervereinigung, Demokratie, SED, Europarat, Ost",
  "mismatch_score": 0.9730367271042125,
  "norm_delta": 0.9730367271042125,
  "totals": {
    "bundestag_minutes": 460,
    "talkshow_minutes": 12,
    "bt_share": 93.07985867373385,
    "ts_share": 6.920141326266152,
    "bt_normalized_perc": 1.0511886973579372,
    "ts_normalized_perc": 0.07815197025372467
  },
  "timeseries": []
}