{
  "slug": "t-30",
  "label": "Syrien Konflikt",
  "description": "Keywords: Syrien, Syrer, Assad, syrischen, Damaskus, Syrerinnen, Syrern, Wiederaufbau, Syrerinnen Syrer, HTS",
  "mismatch_score": -0.18827787231984736,
  "norm_delta": 0.18827787231984733,
  "totals": {
    "bundestag_minutes": 123,
    "talkshow_minutes": 72,
    "bt_share": 37.40974178289415,
    "ts_share": 62.59025821710585,
    "bt_normalized_perc": 0.2797173205450465,
    "ts_normalized_perc": 0.4679951928648938
  },
  "timeseries": []
}