{
  "slug": "t-39",
  "label": "Russia-NATO conflict risk",
  "description": "Keywords: Russland, NATO, Krieg, Russen, Putin, anzugreifen, Szenario, 2029, Ukraine, Europa",
  "mismatch_score": -0.33054277469275634,
  "norm_delta": 0.3305427746927564,
  "totals": {
    "bundestag_minutes": 43,
    "talkshow_minutes": 68,
    "bt_share": 20.51040006841722,
    "ts_share": 79.48959993158279,
    "bt_normalized_perc": 0.11494839815395981,
    "ts_normalized_perc": 0.4454911728467162
  },
  "timeseries": []
}