{
  "slug": "t-57",
  "label": "Grüne Parteipolitik",
  "description": "Keywords: Grünen, Grün, Söder, grünen, stimmen, Grüner, Grüne, SPD, Partei, Wahlrechtsreform",
  "mismatch_score": -0.19718399491278119,
  "norm_delta": 0.1971839949127812,
  "totals": {
    "bundestag_minutes": 16,
    "talkshow_minutes": 36,
    "bt_share": 13.377505335494378,
    "ts_share": 86.62249466450562,
    "bt_normalized_perc": 0.0360137938196821,
    "ts_normalized_perc": 0.2331977887324633
  },
  "timeseries": []
}