{
  "slug": "t-76",
  "label": "Bagatelldelikte Justiz",
  "description": "Keywords: Gebiet, 40 Euro, AI, hab, hättest, Knast, gehst, Fahne, Christian, freigekauft",
  "mismatch_score": -0.08524258888826222,
  "norm_delta": 0.08524258888826222,
  "totals": {
    "bundestag_minutes": 4,
    "talkshow_minutes": 14,
    "bt_share": 8.63222196870725,
    "ts_share": 91.36777803129274,
    "bt_normalized_perc": 0.008893793472713414,
    "ts_normalized_perc": 0.09413638236097564
  },
  "timeseries": []
}