{
  "slug": "t-81",
  "label": "Minimum Wage Debate",
  "description": "Keywords: Mindestlohn, Mindestlohnkommission, 15 Euro, 15, Kommission, Mindestlohns, 12 Euro, 12, Euro, Mindestlohn 15",
  "mismatch_score": -0.02101408654394926,
  "norm_delta": 0.021014086543949248,
  "totals": {
    "bundestag_minutes": 31,
    "talkshow_minutes": 16,
    "bt_share": 44.374308504270395,
    "ts_share": 55.625691495729605,
    "bt_normalized_perc": 0.08287741693127679,
    "ts_normalized_perc": 0.10389150347522604
  },
  "timeseries": []
}