{
  "slug": "t-86",
  "label": "Kommunale Finanzen",
  "description": "Keywords: Kommunen, 100 Milliarden, kommunalen, Länder, Milliarden, Bund, Milliarden Euro, Länder Kommunen, Gemeinden, 100",
  "mismatch_score": 0.06746691649759284,
  "norm_delta": 0.06746691649759284,
  "totals": {
    "bundestag_minutes": 63,
    "talkshow_minutes": 12,
    "bt_share": 65.46735698451815,
    "ts_share": 34.53264301548185,
    "bt_normalized_perc": 0.14278071914334192,
    "ts_normalized_perc": 0.07531380264574908
  },
  "timeseries": []
}