{
  "slug": "t-92",
  "label": "Familienunternehmen",
  "description": "Keywords: Firma, Vater, Familie, Mutter, Familienunternehmen, Bruder, Kind, Inhaber, Kinder, vietnamesischen",
  "mismatch_score": -0.0937641674329506,
  "norm_delta": 0.0937641674329506,
  "totals": {
    "bundestag_minutes": 0,
    "talkshow_minutes": 14,
    "bt_share": 0.4050248453175406,
    "ts_share": 99.59497515468246,
    "bt_normalized_perc": 0.00038286960818522813,
    "ts_normalized_perc": 0.09414703704113583
  },
  "timeseries": []
}